{
  "George_Foreman": -1,
  "George_Galloway": 0.6299277959048307,
  "George_HW_Bush": 0.5527291556174625,
  "George_Clooney": 0.4486613096450757
}